{
  "title": null,
  "height": 24,
  "duration": 22.573024,
  "command": "R --quiet --no-save",
  "stdout": [
    [
      0.117937,
      "> "
    ],
    [
      0.050882,
      "d"
    ],
    [
      0.096018,
      "o"
    ],
    [
      0.09595,
      "c"
    ],
    [
      0.104007,
      "k"
    ],
    [
      0.063856,
      "e"
    ],
    [
      0.07218,
      "r"
    ],
    [
      0.08802,
      " "
    ],
    [
      0.135854,
      "<"
    ],
    [
      0.152096,
      "-"
    ],
    [
      0.104018,
      " "
    ],
    [
      0.18401,
      "s"
    ],
    [
      0.167975,
      "t"
    ],
    [
      0.055987,
      "e"
    ],
    [
      0.152024,
      "v"
    ],
    [
      0.063856,
      "e"
    ],
    [
      0.216103,
      "d"
    ],
    [
      0.112043,
      "o"
    ],
    [
      0.103967,
      "r"
    ],
    [
      0.056009,
      "e"
    ],
    [
      0.12805,
      ":"
    ],
    [
      0.127929,
      ":"
    ],
    [
      0.111834,
      "d"
    ],
    [
      0.096184,
      "o"
    ],
    [
      0.071917,
      "c"
    ],
    [
      0.079999,
      "k"
    ],
    [
      0.093011,
      "er_client"
    ],
    [
      0.235023,
      "("
    ],
    [
      0.063917,
      ")"
    ],
    [
      0.216064,
      "\r\n"
    ],
    [
      0.24464,
      "> "
    ],
    [
      0.019356,
      "d"
    ],
    [
      0.087982,
      "o"
    ],
    [
      0.11205,
      "c"
    ],
    [
      0.104003,
      "k"
    ],
    [
      0.111958,
      "e"
    ],
    [
      0.080079,
      "r"
    ],
    [
      0.271964,
      "$"
    ],
    [
      0.743837,
      "c"
    ],
    [
      0.080145,
      "o"
    ],
    [
      0.055997,
      "n"
    ],
    [
      0.111989,
      "t"
    ],
    [
      0.119931,
      "a"
    ],
    [
      0.201012,
      "iners"
    ],
    [
      0.263037,
      "$"
    ],
    [
      0.223925,
      "r"
    ],
    [
      0.176106,
      "u"
    ],
    [
      0.064048,
      "n"
    ],
    [
      0.295871,
      "("
    ],
    [
      0.231987,
      "\""
    ],
    [
      0.216216,
      "r"
    ],
    [
      0.087837,
      "i"
    ],
    [
      0.064015,
      "c"
    ],
    [
      0.119951,
      "h"
    ],
    [
      0.072047,
      "f"
    ],
    [
      0.151912,
      "i"
    ],
    [
      0.152112,
      "t"
    ],
    [
      0.063875,
      "z"
    ],
    [
      0.224144,
      "/"
    ],
    [
      0.231833,
      "i"
    ],
    [
      0.064139,
      "t"
    ],
    [
      0.079921,
      "e"
    ],
    [
      0.103979,
      "r"
    ],
    [
      0.072078,
      "a"
    ],
    [
      0.143906,
      "t"
    ],
    [
      0.088098,
      "e"
    ],
    [
      0.303998,
      "\""
    ],
    [
      0.312017,
      ","
    ],
    [
      0.071941,
      " "
    ],
    [
      0.183883,
      "c"
    ],
    [
      0.216056,
      "("
    ],
    [
      0.312035,
      "\""
    ],
    [
      0.239999,
      "1"
    ],
    [
      0.096023,
      "0"
    ],
    [
      0.311931,
      "\""
    ],
    [
      0.256066,
      ","
    ],
    [
      0.071897,
      " "
    ],
    [
      0.384042,
      "\""
    ],
    [
      0.279953,
      "0"
    ],
    [
      0.232042,
      ","
    ],
    [
      0.184035,
      "1"
    ],
    [
      0.687955,
      "\b\u001b[K"
    ],
    [
      0.119983,
      "\b\u001b[K"
    ],
    [
      0.151984,
      "."
    ],
    [
      0.10408,
      "1"
    ],
    [
      0.167861,
      "\""
    ],
    [
      0.256095,
      ")"
    ],
    [
      0.296099,
      ","
    ],
    [
      0.064001,
      " "
    ],
    [
      0.16791,
      "r"
    ],
    [
      0.079999,
      "m"
    ],
    [
      0.128034,
      " "
    ],
    [
      0.103912,
      "="
    ],
    [
      0.095968,
      " "
    ],
    [
      0.168094,
      "T"
    ],
    [
      0.055836,
      "R"
    ],
    [
      0.07219,
      "U"
    ],
    [
      0.119943,
      "E"
    ],
    [
      0.199977,
      ")"
    ],
    [
      0.936021,
      "\r\n"
    ],
    [
      0.023275,
      "Unable to find image 'richfitz/iterate:latest' locally\r\n"
    ],
    [
      1.145217,
      "Pulling from richfitz/iterate latest\r\n"
    ],
    [
      1.5e-05,
      "Already exists ff3a5c916c92\r\n"
    ],
    [
      7.7e-05,
      "Pulling fs layer 1fe9b4e4f73f\r\n"
    ],
    [
      0.700933,
      "1fe9b4e4f73f: Downloading 349 B/349 B 100%"
    ],
    [
      2e-05,
      "\r                                                                                \r"
    ],
    [
      7.6e-05,
      "Download complete 1fe9b4e4f73f\r\n"
    ],
    [
      0.000603,
      "1fe9b4e4f73f: Extracting 349 B/349 B 100%"
    ],
    [
      1.2e-05,
      "\r                                                                                \r"
    ],
    [
      0.000494,
      "1fe9b4e4f73f: Extracting 349 B/349 B 100%"
    ],
    [
      0.259374,
      "\r                                                                                \r"
    ],
    [
      9.6e-05,
      "Pull complete 1fe9b4e4f73f\r\n"
    ],
    [
      0.092446,
      "Digest: sha256:b4f74469ae6eaf94487539555ff339200cf8dfefd9d8530463c8388ae910a1e8\r\n"
    ],
    [
      0.062101,
      "Status: Downloaded newer image for richfitz/iterate:latest\r\n"
    ],
    [
      0.960472,
      "\u001b[34mDoing 10 iterations with interval 0.1\r\n\u001b[39m\u001b[34mIteration 1...\r\n\u001b[39m\u001b[34mIteration 2...\r\n\u001b[39m"
    ],
    [
      0.089882,
      "\u001b[34mIteration 3...\r\n\u001b[39m"
    ],
    [
      0.100553,
      "\u001b[34mIteration 4...\r\n\u001b[39m"
    ],
    [
      0.100306,
      "\u001b[34mIteration 5...\r\n\u001b[39m"
    ],
    [
      0.101474,
      "\u001b[34mIteration 6...\r\n\u001b[39m"
    ],
    [
      0.09935,
      "\u001b[34mIteration 7...\r\n\u001b[39m"
    ],
    [
      0.100495,
      "\u001b[34mIteration 8...\r\n\u001b[39m"
    ],
    [
      0.100872,
      "\u001b[34mIteration 9...\r\n\u001b[39m"
    ],
    [
      0.100477,
      "\u001b[34mIteration 10...\r\n\u001b[39m"
    ],
    [
      0.101428,
      "\u001b[34mDone!\r\n\u001b[39m"
    ],
    [
      0.61716,
      "<docker_run_output>\r\n   $container:\r\n     <docker_container>\r\n       id: 95f2ca4e0e5a6eca083bd0066b3b224393936bfe05ff73b6f85b3a50b150d20f\r\n       name: quizzical_hoover\r\n \r\n   $logs:\r\n     \u001b[34mDoing 10 iterations with interval 0.1\u001b[39m\r\n     \u001b[34mIteration 1...\u001b[39m\r\n     \u001b[34mIteration 2...\u001b[39m\r\n     \u001b[34mIteration 3...\u001b[39m\r\n     \u001b[34mIteration 4...\u001b[39m\r\n     \u001b[34mIteration 5...\u001b[39m\r\n     \u001b[34mIteration 6...\u001b[39m\r\n     \u001b[34mIteration 7...\u001b[39m\r\n     \u001b[34mIteration 8...\u001b[39m\r\n     \u001b[34mIteration 9...\u001b[39m\r\n     \u001b[34mIteration 10...\u001b[39m\r\n     \u001b[34mDone!\u001b[39m\r\n"
    ],
    [
      2.2e-05,
      "> "
    ],
    [
      1.426699,
      "\r\n"
    ]
  ],
  "version": 1,
  "env": {
    "SHELL": "/bin/bash",
    "TERM": "xterm"
  },
  "width": 80
}